--Author Jacob Jobse
--Version 2024-07-21
--Description Population Script with problem set solution
--References Chat GPT 

spool 'projectdeliverablePOP5.txt'
DELETE FROM sis_Student_course_record;--
DELETE FROM sis_Student_Credential;--
DELETE FROM sis_instructor_course;--
DELETE FROM sis_scheduled_course;--
DELETE FROM sis_courses_within_cred;--
DELETE FROM sis_course;--
DELETE FROM sis_Credential;--
DELETE FROM SIS_Student;--
DELETE FROM sis_Instructor;--


INSERT INTO sis_Instructor VALUES (100001, 'John', 'Doe', '123 Main St', 'Calgary', 'AB', 'T1X0L3', '123.456.7890', 'jdoe@example.com');
INSERT INTO sis_Instructor VALUES (100002, 'Jane', 'Smith', '456 Elm St', 'Calgary', 'AB', 'T1X0L4', '123.456.7891', 'jsmith@example.com');
INSERT INTO sis_Instructor VALUES (100003, 'Michael', 'Brown', '789 Maple St', 'Calgary', 'AB', 'T1X0L5', '123.456.7892', 'mbrown@example.com');
INSERT INTO sis_Instructor VALUES (100004, 'Emily', 'Davis', '101 Oak St', 'Calgary', 'AB', 'T1X0L6', '123.456.7893', 'edavis@example.com');
INSERT INTO sis_Instructor VALUES (100005, 'Matthew', 'Wilson', '202 Pine St', 'Calgary', 'AB', 'T1X0L7', '123.456.7894', 'mwilson@example.com');  -- Values Generated by Chat gpt
INSERT INTO sis_Instructor VALUES (100006, 'Daniel', 'Moore', '303 Birch St', 'Calgary', 'AB', 'T1X0L8', '123.456.7895', 'dmoore@example.com');
INSERT INTO sis_Instructor VALUES (100007, 'Laura', 'Taylor', '404 Cedar St', 'Calgary', 'AB', 'T1X0L9', '123.456.7896', 'ltaylor@example.com');
INSERT INTO sis_Instructor VALUES (100008, 'Robert', 'Anderson', '505 Spruce St', 'Calgary', 'AB', 'T1X1L0', '123.456.7897', 'randerson@example.com');
INSERT INTO sis_Instructor VALUES (100009, 'Jessica', 'Thomas', '606 Fir St', 'Calgary', 'AB', 'T1X1L1', '123.456.7898', 'jthomas@example.com');
INSERT INTO sis_Instructor VALUES (100010, 'David', 'Jackson', '707 Aspen St', 'Calgary', 'AB', 'T1X1L2', '123.456.7899', 'djackson@example.com');


INSERT INTO SIS_Student VALUES (000001, 'Alice', 'Johnson', 'A', TO_DATE('2024-01-01', 'YYYY-MM-DD'), '123.456.7890', 'alice.johnson@example.com');
INSERT INTO SIS_Student VALUES (000002, 'Bob', 'Lee', 'A', TO_DATE('2024-01-01', 'YYYY-MM-DD'), '123.456.7890', 'bob.lee@example.com');
INSERT INTO SIS_Student VALUES (000003, 'Charlie', 'Kim', 'A', TO_DATE('2024-01-01', 'YYYY-MM-DD'), '123.456.7890', 'charlie.kim@example.com'); -- Values Generated by Chat gpt
INSERT INTO SIS_Student VALUES (000004, 'Diana', 'Harris', 'A', TO_DATE('2024-01-01', 'YYYY-MM-DD'), '123.456.7890', 'diana.harris@example.com');
INSERT INTO SIS_Student VALUES (000005, 'Eve', 'Martinez', 'A', TO_DATE('2024-01-01', 'YYYY-MM-DD'), '123.456.7890', 'eve.martinez@example.com');


INSERT INTO sis_Credential VALUES (1, 'School of Computing', 'Certificate in Data Science', 'CT');
INSERT INTO sis_Credential VALUES (2, 'School of Computing', 'Diploma in Computer Science', 'DP');
INSERT INTO sis_Credential VALUES (3, 'School of Computing', 'Certificate in Web Development', 'CT'); -- Values Generated by Chat gpt
INSERT INTO sis_Credential VALUES (4, 'School of Computing', 'Diploma in Network Security', 'DP');


INSERT INTO sis_course VALUES ('CCSE101', 'Introduction to Data Science', 3.0, NULL);
INSERT INTO sis_course VALUES ('CCSE102', 'Advanced Data Science', 3.0, 'CCSE101');
INSERT INTO sis_course VALUES ('CCSE103', 'Database Systems', 3.0, NULL);
INSERT INTO sis_course VALUES ('CCSE104', 'Operating Systems', 3.0, NULL);
INSERT INTO sis_course VALUES ('CCSE105', 'Computer Networks', 3.0, NULL);
INSERT INTO sis_course VALUES ('CCSE106', 'Software Engineering', 3.0, NULL);
INSERT INTO sis_course VALUES ('CCSE107', 'Artificial Intelligence', 3.0, NULL);
INSERT INTO sis_course VALUES ('CCSE108', 'HTML and CSS', 3.0, NULL);
INSERT INTO sis_course VALUES ('CCSE109', 'JavaScript Programming', 3.0, NULL);  -- Values Generated by Chat gpt
INSERT INTO sis_course VALUES ('CCSE110', 'Front-End Frameworks', 3.0, NULL);
INSERT INTO sis_course VALUES ('CCSE111', 'Cybersecurity Basics', 3.0, NULL);
INSERT INTO sis_course VALUES ('CCSE112', 'Network Defense', 3.0, NULL);
INSERT INTO sis_course VALUES ('CCSE113', 'Ethical Hacking', 3.0, NULL);
INSERT INTO sis_course VALUES ('CCSE114', 'Machine Learning', 3.0, 'CCSE101');
INSERT INTO sis_course VALUES ('CCSE115', 'Cloud Computing', 3.0, NULL);
INSERT INTO sis_course VALUES ('CCSE116', 'Database Design', 3.0, 'CCSE103');
INSERT INTO sis_course VALUES ('CCSE117', 'Data Structures', 3.0, NULL);
INSERT INTO sis_course VALUES ('CCSE118', 'Algorithms', 3.0, 'CCSE117');
INSERT INTO sis_course VALUES ('CCSE119', 'Network Administration', 3.0, 'CCSE105');
INSERT INTO sis_course VALUES ('CCSE120', 'Advanced Web Development', 3.0, 'CCSE108');


INSERT INTO sis_scheduled_course VALUES (10001, 'SPRN024', 'CCSE101', 'A');
INSERT INTO sis_scheduled_course VALUES (10002, 'SPRN024', 'CCSE102', 'A');
INSERT INTO sis_scheduled_course VALUES (10003, 'SPRN024', 'CCSE103', 'A');
INSERT INTO sis_scheduled_course VALUES (10004, 'SPRN024', 'CCSE104', 'A');
INSERT INTO sis_scheduled_course VALUES (10005, 'SPRN024', 'CCSE105', 'A');
INSERT INTO sis_scheduled_course VALUES (10006, 'SPRN024', 'CCSE106', 'A');
INSERT INTO sis_scheduled_course VALUES (10007, 'SPRN024', 'CCSE107', 'A');
INSERT INTO sis_scheduled_course VALUES (10008, 'SPRN024', 'CCSE108', 'A');
INSERT INTO sis_scheduled_course VALUES (10009, 'SPRN024', 'CCSE109', 'A');
INSERT INTO sis_scheduled_course VALUES (10010, 'SPRN024', 'CCSE110', 'A');
INSERT INTO sis_scheduled_course VALUES (10011, 'SPRN024', 'CCSE111', 'A');
INSERT INTO sis_scheduled_course VALUES (10012, 'SPRN024', 'CCSE112', 'A');
INSERT INTO sis_scheduled_course VALUES (10013, 'SPRN024', 'CCSE113', 'A');
INSERT INTO sis_scheduled_course VALUES (10014, 'SPRN024', 'CCSE114', 'A');  -- Values Generated by Chat gpt
INSERT INTO sis_scheduled_course VALUES (10015, 'SPRN024', 'CCSE115', 'A');
INSERT INTO sis_scheduled_course VALUES (10016, 'SPRN024', 'CCSE116', 'A');
INSERT INTO sis_scheduled_course VALUES (10017, 'SPRN024', 'CCSE117', 'A');
INSERT INTO sis_scheduled_course VALUES (10018, 'SPRN024', 'CCSE118', 'A');
INSERT INTO sis_scheduled_course VALUES (10019, 'SPRN024', 'CCSE119', 'A');
INSERT INTO sis_scheduled_course VALUES (10020, 'SPRN024', 'CCSE120', 'A');





INSERT INTO sis_instructor_course VALUES (10001, 'SPRN024', 100001);
INSERT INTO sis_instructor_course VALUES (10011, 'SPRN024', 100001);
INSERT INTO sis_instructor_course VALUES (10002, 'SPRN024', 100002);
INSERT INTO sis_instructor_course VALUES (10012, 'SPRN024', 100002);
INSERT INTO sis_instructor_course VALUES (10003, 'SPRN024', 100003);
INSERT INTO sis_instructor_course VALUES (10013, 'SPRN024', 100003);
INSERT INTO sis_instructor_course VALUES (10004, 'SPRN024', 100004);
INSERT INTO sis_instructor_course VALUES (10014, 'SPRN024', 100004);
INSERT INTO sis_instructor_course VALUES (10005, 'SPRN024', 100005);
INSERT INTO sis_instructor_course VALUES (10015, 'SPRN024', 100005);
INSERT INTO sis_instructor_course VALUES (10006, 'SPRN024', 100006);  -- Values Generated by Chat gpt
INSERT INTO sis_instructor_course VALUES (10016, 'SPRN024', 100006);
INSERT INTO sis_instructor_course VALUES (10007, 'SPRN024', 100007);
INSERT INTO sis_instructor_course VALUES (10017, 'SPRN024', 100007);
INSERT INTO sis_instructor_course VALUES (10008, 'SPRN024', 100008);
INSERT INTO sis_instructor_course VALUES (10018, 'SPRN024', 100008);
INSERT INTO sis_instructor_course VALUES (10009, 'SPRN024', 100009);
INSERT INTO sis_instructor_course VALUES (10019, 'SPRN024', 100009);
INSERT INTO sis_instructor_course VALUES (10010, 'SPRN024', 100010);
INSERT INTO sis_instructor_course VALUES (10020, 'SPRN024', 100010);



INSERT INTO sis_courses_within_cred VALUES (1, 'CCSE101', 0);
INSERT INTO sis_courses_within_cred VALUES (1, 'CCSE102', 0);


INSERT INTO sis_courses_within_cred VALUES (3, 'CCSE108', 0);
INSERT INTO sis_courses_within_cred VALUES (3, 'CCSE109', 0);
INSERT INTO sis_courses_within_cred VALUES (3, 'CCSE110', 0);


INSERT INTO sis_courses_within_cred VALUES (2, 'CCSE103', 0);
INSERT INTO sis_courses_within_cred VALUES (2, 'CCSE104', 0);
INSERT INTO sis_courses_within_cred VALUES (2, 'CCSE105', 0);  -- Values Generated by Chat gpt
INSERT INTO sis_courses_within_cred VALUES (2, 'CCSE106', 0);
INSERT INTO sis_courses_within_cred VALUES (2, 'CCSE117', 0);


INSERT INTO sis_courses_within_cred VALUES (4, 'CCSE111', 0);
INSERT INTO sis_courses_within_cred VALUES (4, 'CCSE112', 0);
INSERT INTO sis_courses_within_cred VALUES (4, 'CCSE113', 0);
INSERT INTO sis_courses_within_cred VALUES (4, 'CCSE114', 0);
INSERT INTO sis_courses_within_cred VALUES (4, 'CCSE119', 0);



INSERT INTO sis_Student_Credential VALUES (000001, 1, TO_DATE('2024-01-01', 'YYYY-MM-DD'), NULL, 'A', 3.5); 
INSERT INTO sis_Student_Credential VALUES (000002, 1, TO_DATE('2024-01-01', 'YYYY-MM-DD'), NULL, 'A', 3.7);  -- Values Generated by Chat gpt
INSERT INTO sis_Student_Credential VALUES (000003, 2, TO_DATE('2024-01-01', 'YYYY-MM-DD'), NULL, 'A', 3.2); 
INSERT INTO sis_Student_Credential VALUES (000003, 3, TO_DATE('2024-01-01', 'YYYY-MM-DD'), NULL, 'A', 3.8); 
INSERT INTO sis_Student_Credential VALUES (000004, 4, TO_DATE('2024-01-01', 'YYYY-MM-DD'), NULL, 'A', 3.4); 
INSERT INTO sis_Student_Credential VALUES (000005, 1, TO_DATE('2024-01-01', 'YYYY-MM-DD'), NULL, 'A', 3.6); 


INSERT INTO sis_Student_course_record VALUES (10001, 'SPRN024', 000001, 1, 'CCSE101', 'A'); 
INSERT INTO sis_Student_course_record VALUES (10002, 'SPRN024', 000002, 1, 'CCSE102', 'B'); 
INSERT INTO sis_Student_course_record VALUES (10003, 'SPRN024', 000003, 2, 'CCSE103', 'C'); 
INSERT INTO sis_Student_course_record VALUES (10004, 'SPRN024', 000003, 3, 'CCSE104', 'B');  -- Values Generated by Chat gpt
INSERT INTO sis_Student_course_record VALUES (10005, 'SPRN024', 000004, 4, 'CCSE105', 'A'); 
INSERT INTO sis_Student_course_record VALUES (10006, 'SPRN024', 000005, 1, 'CCSE106', 'A'); 

INSERT INTO sis_Student_course_record VALUES (10007, 'SPRN024', 000002, 1, 'CCSE107', 'B');
INSERT INTO sis_Student_course_record VALUES (10008, 'SPRN024', 000003, 2, 'CCSE108', 'C');
INSERT INTO sis_Student_course_record VALUES (10009, 'SPRN024', 000004, 4, 'CCSE109', 'B');
INSERT INTO sis_Student_course_record VALUES (10010, 'SPRN024', 000005, 1, 'CCSE110', 'A');
INSERT INTO sis_Student_course_record VALUES (10011, 'SPRN024', 000001, 1, 'CCSE111', 'B');
INSERT INTO sis_Student_course_record VALUES (10012, 'SPRN024', 000002, 1, 'CCSE112', 'A');
INSERT INTO sis_Student_course_record VALUES (10013, 'SPRN024', 000003, 2, 'CCSE113', 'C');
INSERT INTO sis_Student_course_record VALUES (10014, 'SPRN024', 000003, 3, 'CCSE114', 'B');
INSERT INTO sis_Student_course_record VALUES (10015, 'SPRN024', 000004, 4, 'CCSE115', 'A'); -- Values Generated by Chat gpt
INSERT INTO sis_Student_course_record VALUES (10016, 'SPRN024', 000005, 1, 'CCSE116', 'B');
INSERT INTO sis_Student_course_record VALUES (10017, 'SPRN024', 000001, 1, 'CCSE117', 'A');
INSERT INTO sis_Student_course_record VALUES (10018, 'SPRN024', 000002, 1, 'CCSE118', 'C');
INSERT INTO sis_Student_course_record VALUES (10019, 'SPRN024', 000003, 2, 'CCSE119', 'B');
INSERT INTO sis_Student_course_record VALUES (10020, 'SPRN024', 000004, 4, 'CCSE120', 'A');



SPOOL OFF

